hour,day,ncommits
12a,Saturday,5
1a,Saturday,1
2a,Saturday,0
3a,Saturday,0
4a,Saturday,0
5a,Saturday,0
6a,Saturday,0
7a,Saturday,0
8a,Saturday,0
9a,Saturday,0
10a,Saturday,0
11a,Saturday,2
12p,Saturday,4
1p,Saturday,1
2p,Saturday,1
3p,Saturday,3
4p,Saturday,4
5p,Saturday,6
6p,Saturday,4
7p,Saturday,4
8p,Saturday,3
9p,Saturday,3
10p,Saturday,2
11p,Saturday,5
12a,Friday,7
1a,Friday,0
2a,Friday,0
3a,Friday,0
4a,Friday,0
5a,Friday,0
6a,Friday,0
7a,Friday,0
8a,Friday,0
9a,Friday,0
10a,Friday,5
11a,Friday,2
12p,Friday,2
1p,Friday,6
2p,Friday,9
3p,Friday,11
4p,Friday,6
5p,Friday,7
6p,Friday,8
7p,Friday,12
8p,Friday,5
9p,Friday,5
10p,Friday,7
11p,Friday,2
12a,Thursday,1
1a,Thursday,1
2a,Thursday,0
3a,Thursday,0
4a,Thursday,0
5a,Thursday,0
6a,Thursday,0
7a,Thursday,0
8a,Thursday,0
9a,Thursday,0
10a,Thursday,3
11a,Thursday,2
12p,Thursday,1
1p,Thursday,9
2p,Thursday,8
3p,Thursday,10
4p,Thursday,6
5p,Thursday,5
6p,Thursday,5
7p,Thursday,5
8p,Thursday,7
9p,Thursday,4
10p,Thursday,2
11p,Thursday,4
12a,Wednesday,7
1a,Wednesday,3
2a,Wednesday,0
3a,Wednesday,0
4a,Wednesday,0
5a,Wednesday,0
6a,Wednesday,0
7a,Wednesday,0
8a,Wednesday,1
9a,Wednesday,0
10a,Wednesday,5
11a,Wednesday,4
12p,Wednesday,7
1p,Wednesday,14
2p,Wednesday,13
3p,Wednesday,12
4p,Wednesday,9
5p,Wednesday,5
6p,Wednesday,5
7p,Wednesday,10
8p,Wednesday,6
9p,Wednesday,4
10p,Wednesday,4
11p,Wednesday,1
12a,Tuesday,1
1a,Tuesday,3
2a,Tuesday,0
3a,Tuesday,0
4a,Tuesday,0
5a,Tuesday,1
6a,Tuesday,0
7a,Tuesday,0
8a,Tuesday,0
9a,Tuesday,2
10a,Tuesday,4
11a,Tuesday,4
12p,Tuesday,2
1p,Tuesday,4
2p,Tuesday,4
3p,Tuesday,14
4p,Tuesday,12
5p,Tuesday,1
6p,Tuesday,8
7p,Tuesday,5
8p,Tuesday,3
9p,Tuesday,7
10p,Tuesday,3
11p,Tuesday,0
12a,Monday,2
1a,Monday,1
2a,Monday,0
3a,Monday,3
4a,Monday,0
5a,Monday,0
6a,Monday,0
7a,Monday,0
8a,Monday,2
9a,Monday,0
10a,Monday,4
11a,Monday,1
12p,Monday,5
1p,Monday,10
2p,Monday,5
3p,Monday,7
4p,Monday,11
5p,Monday,6
6p,Monday,0
7p,Monday,5
8p,Monday,3
9p,Monday,4
10p,Monday,2
11p,Monday,0
12a,Sunday,1
1a,Sunday,0
2a,Sunday,0
3a,Sunday,0
4a,Sunday,0
5a,Sunday,0
6a,Sunday,0
7a,Sunday,0
8a,Sunday,0
9a,Sunday,0
10a,Sunday,1
11a,Sunday,0
12p,Sunday,2
1p,Sunday,1
2p,Sunday,3
3p,Sunday,4
4p,Sunday,0
5p,Sunday,0
6p,Sunday,0
7p,Sunday,0
8p,Sunday,1
9p,Sunday,2
10p,Sunday,2
11p,Sunday,6
